Postal Code, Amenity Count, Shop Count, Tourism Count
6224DC, 187, 81, 31
6224DB, 191, 75, 24
6224DD, 194, 75, 24
6228LC, 107, 21, 11
6228LB, 111, 21, 11
6224DA, 191, 75, 24
6228LE, 104, 21, 11
6228LD, 107, 21, 11
6228LA, 110, 21, 11
6224CV, 193, 86, 43
6224CW, 212, 93, 40
6224CR, 125, 52, 29
6224CT, 193, 84, 42
6224CS, 192, 81, 42
6224CM, 165, 80, 32
6224CP, 201, 87, 34
6224CE, 425, 390, 86
6224CG, 445, 401, 84
6224CB, 425, 388, 86
6224CA, 412, 381, 84
6224CD, 387, 329, 78
6224CC, 361, 321, 74
6219PE, 425, 483, 85
6228KB, 28, 12, 2
6228KA, 28, 15, 2
6228KD, 30, 16, 2
6228KC, 30, 16, 2
6224BX, 420, 384, 84
6224BZ, 409, 383, 82
6224BT, 430, 421, 84
6224BW, 330, 319, 76
6224BP, 415, 410, 83
6224BS, 407, 381, 80
6224BR, 352, 346, 70
6228JV, 33, 16, 2
6224BM, 423, 425, 84
6224BL, 429, 451, 85
6228JP, 36, 16, 3
6228JS, 37, 16, 3
6228JR, 38, 16, 3
6228JM, 38, 16, 3
6215GK, 42, 9, 2
6224BH, 233, 124, 45
6224BK, 403, 401, 80
6224BJ, 235, 138, 47
6228JN, 38, 16, 3
6215GH, 41, 9, 2
6224BE, 303, 297, 59
6215GG, 41, 9, 2
6224BD, 253, 192, 46
6215GJ, 41, 9, 2
6224BG, 215, 100, 42
6228JK, 40, 16, 3
6215GD, 40, 9, 2
6224BA, 244, 155, 46
6228JE, 44, 16, 4
6215GC, 41, 9, 2
6228JD, 41, 16, 3
6224BC, 256, 230, 51
6228JG, 41, 16, 3
6215GE, 41, 9, 2
6224BB, 277, 272, 54
6228JA, 40, 16, 3
6215GB, 41, 9, 2
6228JC, 41, 15, 3
6215GA, 41, 9, 2
6228JB, 39, 16, 3
6224AX, 179, 78, 37
6224AW, 174, 76, 37
6224AZ, 200, 87, 41
6224AT, 209, 100, 39
6224AS, 252, 127, 45
6224AV, 181, 86, 38
6219NW, 77, 35, 27
6224AP, 287, 244, 50
6224AR, 288, 233, 49
6224AL, 341, 303, 61
6224AK, 454, 427, 86
6224AN, 317, 253, 55
6224AM, 359, 344, 72
6224AH, 473, 485, 95
6219NN, 37, 19, 13
6224AG, 440, 483, 88
6224AJ, 474, 458, 91
6219NP, 10, 20, 2
6219NK, 6, 0, 2
6224AD, 209, 102, 42
6224AC, 131, 47, 33
6219NM, 55, 20, 24
6219NL, 6, 0, 2
6224AE, 357, 337, 64
6219NG, 6, 0, 2
6219NB, 23, 9, 6
6219NE, 60, 13, 20
6219ND, 6, 0, 2
6215EZ, 39, 8, 1
6219NA, 9, 5, 3
6215EV, 34, 7, 1
6228HW, 39, 16, 3
6228HV, 61, 17, 7
6215EX, 39, 9, 2
6215EW, 38, 8, 1
6228HX, 48, 17, 6
6215ER, 40, 9, 2
6215ET, 41, 9, 2
6215ES, 41, 9, 2
6228HT, 66, 17, 6
6215EN, 40, 9, 1
6215EM, 40, 9, 1
6215EP, 41, 9, 2
6215EJ, 39, 9, 1
6228HK, 74, 15, 7
6228HJ, 70, 15, 7
6215EL, 40, 9, 1
6228HM, 70, 15, 6
6215EK, 41, 9, 2
6228HL, 56, 15, 5
6228HG, 56, 15, 5
6215EE, 40, 9, 1
6215EH, 41, 9, 1
6215EG, 35, 7, 1
6228HH, 50, 15, 4
6215EB, 35, 9, 1
6228HC, 77, 17, 9
6215EA, 35, 7, 1
6228HB, 80, 18, 9
6215ED, 41, 9, 1
6215EC, 40, 9, 1
6228HA, 76, 17, 7
6228GZ, 23, 11, 2
6228GV, 25, 11, 2
6228GX, 23, 11, 2
6228GW, 30, 16, 2
6228GR, 34, 16, 2
6228GT, 28, 10, 2
6228GS, 25, 11, 2
6228GN, 27, 15, 2
6228GM, 24, 12, 2
6228GP, 20, 9, 2
6228GJ, 30, 16, 2
6228GL, 37, 16, 4
6228GK, 37, 16, 3
6228GE, 40, 16, 3
6228GH, 30, 16, 2
6228GG, 34, 16, 2
6228GB, 32, 16, 2
6228GA, 38, 16, 3
6228GD, 34, 16, 3
6228GC, 33, 16, 2
6215BW, 38, 8, 1
6228EX, 75, 15, 10
6215BV, 40, 9, 2
6228EW, 86, 18, 11
6215BX, 40, 9, 2
6215BS, 41, 9, 2
6228ET, 78, 16, 11
6215BR, 41, 9, 2
6228ES, 72, 15, 8
6228EV, 84, 17, 11
6215BT, 38, 9, 1
6228EP, 91, 18, 11
6215BN, 41, 9, 2
6228ER, 90, 17, 10
6215BP, 41, 9, 2
6215BK, 41, 9, 2
6228EL, 92, 16, 10
6215BJ, 42, 9, 2
6228EK, 108, 21, 11
6215BM, 41, 9, 2
6228EN, 89, 16, 10
6215BL, 41, 9, 2
6228EM, 94, 17, 10
6215BG, 42, 9, 2
6228EH, 98, 17, 11
6228EG, 96, 16, 10
6228EJ, 96, 16, 10
6215BH, 42, 9, 2
6215BC, 42, 9, 2
6228ED, 84, 15, 10
6215BB, 42, 9, 2
6228EC, 91, 14, 10
6215BE, 42, 9, 2
6215BD, 42, 9, 2
6228EE, 88, 15, 10
6215BA, 42, 9, 2
6228EB, 75, 17, 6
6228EA, 81, 16, 11
6228DP, 39, 15, 3
6215AJ, 40, 9, 2
6228DK, 42, 15, 3
6228DJ, 42, 15, 3
6228DM, 55, 15, 5
6215AK, 41, 9, 2
6228DL, 45, 15, 3
6215AE, 29, 6, 2
6215AH, 40, 9, 2
6215AG, 35, 6, 2
6228DH, 41, 14, 3
6215AD, 40, 9, 2
6215AC, 42, 9, 3
6224LK, 364, 158, 73
6224LJ, 279, 114, 44
6224LM, 334, 115, 66
6224LL, 325, 110, 57
6224LG, 387, 180, 80
6224LH, 329, 108, 62
6224LC, 312, 120, 45
6224LB, 338, 101, 66
6224LE, 408, 237, 83
6224LD, 285, 118, 44
6224LA, 393, 221, 80
6224KZ, 300, 98, 58
6211HX, 687, 529, 155
6211HZ, 688, 528, 152
6224KV, 264, 101, 45
6211HT, 688, 528, 154
6215PX, 43, 9, 2
6211HW, 687, 529, 155
6224KX, 300, 98, 58
6211HV, 692, 528, 153
6215PZ, 41, 9, 2
6224KW, 300, 98, 58
6224KR, 265, 119, 41
6228SV, 55, 12, 4
6211HP, 690, 528, 154
6215PT, 43, 10, 2
6215PW, 43, 10, 2
6224KT, 258, 113, 42
6228SX, 34, 11, 2
6211HR, 688, 528, 154
6215PV, 43, 10, 2
6224KS, 263, 117, 42
6228SW, 34, 9, 3
6211HM, 682, 526, 152
6224KN, 288, 121, 43
6228SR, 86, 37, 5
6211HL, 685, 523, 153
6215PP, 43, 10, 2
6224KM, 288, 118, 43
6215PS, 43, 10, 2
6224KP, 271, 121, 41
6228ST, 48, 14, 2
6211HN, 688, 528, 152
6215PR, 43, 10, 2
6215PM, 43, 11, 2
6224KJ, 293, 108, 46
6228SN, 82, 27, 5
6211HH, 679, 522, 152
6215PL, 44, 15, 2
6228SM, 53, 13, 3
6211HK, 680, 522, 152
6224KL, 280, 118, 43
6228SP, 78, 28, 5
6215PN, 43, 11, 2
6224KK, 283, 112, 44
6211HE, 689, 530, 155
6228SJ, 64, 24, 4
6211HD, 688, 530, 154
6215PH, 43, 15, 2
6224KE, 319, 104, 64
6215PK, 44, 20, 3
6224KH, 305, 105, 56
6215PJ, 44, 17, 3
6224KG, 314, 102, 62
6211HA, 687, 531, 156
6224KB, 286, 118, 44
6224KA, 294, 120, 43
6228SE, 43, 6, 2
6211HC, 685, 532, 155
6224KD, 317, 109, 64
6228SH, 63, 25, 4
6211HB, 684, 530, 153
6224KC, 280, 117, 44
6228SG, 45, 6, 2
6228SB, 76, 26, 5
6228SC, 44, 5, 2
6211GX, 682, 532, 157
6211GW, 684, 532, 156
6224JX, 205, 81, 33
6211GZ, 684, 533, 156
6224JZ, 180, 75, 23
6211GT, 683, 532, 156
6211GS, 682, 531, 157
6224JT, 267, 119, 40
6211GV, 682, 533, 153
6224JV, 217, 90, 37
6224JP, 258, 121, 39
6211GR, 681, 532, 157
6224JS, 240, 100, 37
6224JR, 263, 120, 40
6211GL, 675, 529, 158
6224JM, 242, 108, 39
6211GK, 677, 529, 158
6224JL, 217, 96, 38
6211GN, 683, 533, 156
6211GM, 684, 530, 156
6224JN, 253, 120, 40
6224JH, 193, 94, 31
6211GJ, 684, 527, 156
6224JK, 394, 331, 77
6224JJ, 242, 117, 36
6211GD, 677, 524, 157
6224JE, 405, 349, 80
6211GC, 679, 525, 156
6224JD, 378, 257, 78
6224JG, 165, 77, 27
6224JA, 175, 78, 27
6211GB, 673, 526, 157
6224JC, 245, 115, 39
6211GA, 683, 525, 155
6224JB, 210, 96, 33
6211EZ, 683, 525, 155
6211EV, 670, 526, 159
6224HW, 222, 103, 35
6224HV, 225, 114, 37
6211EX, 675, 525, 157
6224HX, 231, 113, 37
6211ER, 673, 531, 158
6224HR, 186, 89, 32
6211ET, 672, 530, 158
6211ES, 673, 530, 158
6224HT, 218, 101, 34
6211EN, 668, 530, 155
6211EM, 658, 525, 151
6224HN, 190, 97, 33
6211EP, 667, 530, 155
6224HP, 178, 94, 33
6211EL, 663, 525, 152
6224HM, 175, 84, 32
6224HL, 201, 96, 33
6224HG, 172, 88, 32
6224HH, 183, 94, 33
6211EB, 680, 531, 154
6224HC, 157, 75, 30
6211EA, 680, 533, 152
6224HB, 177, 87, 33
6211ED, 672, 529, 157
6224HE, 170, 82, 32
6211EC, 675, 532, 156
6224HD, 177, 83, 32
6224HA, 166, 82, 32
6224GZ, 165, 78, 28
6224GV, 213, 90, 34
6224GX, 157, 78, 28
6224GW, 143, 70, 27
6224GR, 151, 63, 31
6224GT, 210, 97, 34
6224GS, 194, 86, 32
6224GN, 214, 97, 35
6224GM, 190, 88, 32
6224GP, 219, 92, 34
6224GJ, 201, 87, 33
6224GL, 152, 68, 31
6224GK, 192, 86, 31
6211DE, 678, 525, 157
6224GE, 180, 75, 32
6211DA, 673, 526, 157
6224GB, 142, 58, 28
6224GA, 130, 52, 28
6224GD, 188, 81, 32
6224GC, 160, 66, 32
6211CW, 674, 528, 156
6211CS, 670, 529, 153
6211CP, 670, 532, 151
6211CR, 671, 529, 154
6211CL, 667, 526, 152
6211CK, 659, 527, 146
6211CM, 672, 528, 153
6211CH, 665, 526, 150
6215KL, 43, 10, 2
6215KK, 43, 10, 2
6211CJ, 660, 530, 148
6215KN, 35, 9, 1
6215KM, 44, 10, 2
6211CD, 640, 524, 148
6215KH, 42, 10, 1
6211CC, 612, 526, 142
6215KG, 41, 10, 1
6215KJ, 43, 10, 2
6211CE, 643, 527, 148
6215KD, 40, 9, 1
6215KC, 39, 9, 1
6211CB, 640, 528, 147
6211CA, 642, 528, 147
6215KE, 40, 9, 1
6211BZ, 629, 530, 142
6215KB, 37, 9, 1
6215KA, 41, 9, 1
6211BW, 625, 527, 144
6224EX, 148, 66, 28
6211BV, 648, 529, 146
6224EW, 126, 51, 28
6224EZ, 136, 56, 28
6211BX, 627, 526, 145
6211BS, 635, 529, 145
6224ET, 158, 77, 27
6215JV, 40, 8, 1
6224ES, 117, 45, 26
6224EV, 137, 58, 28
6211BT, 629, 530, 142
6215JS, 40, 8, 1
6224EP, 137, 55, 28
6211BN, 627, 530, 142
6215JR, 40, 8, 1
6224ER, 171, 83, 27
6211BP, 626, 531, 142
6215JT, 40, 8, 1
6211BK, 622, 528, 142
6224EL, 163, 67, 29
6211BJ, 620, 526, 145
6215JN, 41, 8, 1
6224EK, 185, 83, 29
6224EN, 115, 40, 26
6211BL, 616, 525, 142
6215JP, 37, 6, 1
6224EM, 182, 84, 30
6211BG, 609, 527, 138
6215JK, 44, 10, 1
6224EH, 255, 93, 39
6215JJ, 44, 10, 1
6224EG, 282, 146, 51
6215JM, 45, 21, 2
6211BH, 612, 527, 137
6215JL, 44, 14, 1
6211BC, 579, 526, 130
6215JG, 44, 9, 1
6224ED, 306, 204, 61
6211BB, 567, 524, 132
6224EC, 353, 296, 69
6211BE, 637, 529, 146
6211BD, 636, 530, 145
6215JH, 44, 9, 1
6224EE, 292, 163, 54
6215JC, 44, 9, 1
6215JB, 42, 10, 1
6211BA, 593, 526, 133
6215JE, 42, 9, 1
6224EB, 361, 248, 69
6215JD, 41, 9, 1
6211AZ, 651, 530, 146
6224DZ, 285, 245, 50
6215JA, 44, 11, 2
6211AV, 634, 530, 144
6211AX, 628, 526, 142
6211AW, 650, 529, 146
6211AR, 567, 526, 129
6211AT, 591, 526, 135
6211AN, 623, 528, 143
6211AM, 622, 528, 143
6211AP, 637, 530, 146
6211AL, 558, 525, 128
6214VX, 97, 44, 10
6214VW, 97, 44, 9
6214VZ, 96, 44, 9
6214VT, 97, 43, 12
6214VS, 105, 42, 13
6214VV, 89, 42, 6
6214VL, 164, 46, 24
6214VK, 181, 51, 34
6214VN, 138, 45, 18
6214VM, 174, 49, 30
6214VH, 256, 80, 61
6214VG, 211, 57, 58
6214VJ, 193, 53, 40
6227XW, 64, 47, 3
6227XT, 53, 47, 4
6227XS, 64, 48, 7
6227XV, 54, 47, 4
6227XP, 65, 48, 7
6227XR, 60, 48, 6
6227XL, 65, 48, 7
6227XK, 65, 48, 8
6227XN, 67, 49, 6
6227XM, 65, 48, 7
6227XH, 69, 49, 8
6227XG, 60, 48, 5
6227XJ, 65, 48, 8
6227XD, 65, 48, 6
6227XC, 65, 48, 6
6227XE, 64, 48, 5
6227XB, 69, 48, 5
6214TZ, 139, 49, 18
6214TV, 187, 52, 37
6214TX, 151, 45, 20
6214TW, 173, 50, 27
6214TR, 166, 51, 25
6214TT, 180, 51, 30
6214TS, 143, 47, 18
6214TN, 182, 52, 29
6214TM, 188, 52, 35
6214TP, 174, 51, 27
6214TJ, 201, 53, 46
6214TL, 217, 63, 48
6214TK, 201, 56, 43
6214TE, 251, 69, 54
6214TH, 219, 57, 52
6214TG, 205, 57, 48
6214TB, 256, 75, 54
6214TD, 224, 61, 50
6214TC, 238, 68, 52
6227VZ, 64, 48, 5
6214SX, 258, 79, 56
6214SZ, 246, 65, 55
6227VV, 61, 48, 5
6214ST, 264, 115, 59
6214SW, 245, 67, 57
6227VX, 62, 48, 5
6214SV, 271, 119, 64
6227VW, 80, 49, 7
6227VR, 62, 49, 5
6214SP, 239, 75, 50
6227VT, 80, 49, 7
6214SR, 256, 86, 54
6214SM, 283, 144, 62
6227VN, 69, 48, 4
6214SL, 257, 115, 54
6227VM, 71, 48, 7
6227VP, 61, 48, 5
6214SN, 289, 141, 69
6227VJ, 73, 49, 6
6214SH, 309, 206, 73
6214SK, 303, 200, 71
6227VL, 84, 50, 5
6214SJ, 399, 379, 94
6227VK, 74, 49, 6
6214SE, 390, 356, 100
6227VE, 71, 48, 7
6214SG, 397, 377, 102
6227VH, 72, 48, 6
6227VG, 71, 48, 7
6227VB, 87, 49, 7
6227VA, 80, 48, 8
6214SC, 409, 396, 102
6227VD, 87, 49, 7
6227VC, 80, 48, 9
6214RX, 487, 477, 109
6214RW, 430, 441, 97
6214RZ, 479, 462, 109
6214RT, 416, 414, 92
6214RS, 411, 400, 90
6214RV, 400, 364, 84
6214RP, 345, 271, 78
6214RR, 345, 268, 83
6214RL, 357, 292, 85
6214RK, 363, 296, 79
6214RN, 349, 272, 75
6214RM, 304, 237, 63
6214RH, 315, 206, 75
6214RG, 317, 206, 76
6214RJ, 326, 243, 66
6214RC, 314, 220, 72
6214RE, 298, 205, 70
6214RB, 299, 211, 64
6227TX, 88, 48, 10
6227TW, 91, 49, 7
6227TZ, 88, 49, 7
6227TT, 101, 50, 10
6227TS, 95, 49, 14
6227TV, 81, 48, 9
6227TP, 92, 49, 11
6227TR, 99, 49, 10
6227TL, 92, 50, 6
6227TK, 76, 49, 3
6227TN, 96, 50, 8
6227TM, 83, 50, 5
6227TH, 134, 49, 16
6227TG, 109, 49, 14
6227TJ, 90, 50, 7
6227TD, 109, 49, 14
6227TE, 114, 49, 14
6227TB, 137, 51, 16
6227TA, 132, 50, 16
6214PZ, 286, 203, 63
6227SZ, 133, 51, 12
6214PV, 395, 357, 85
6218XZ, 16, 7, 6
6227SW, 131, 51, 12
6227SV, 138, 54, 13
6214PX, 397, 357, 85
6214PW, 316, 232, 69
6227SX, 90, 50, 6
6214PR, 278, 196, 63
6227SR, 146, 49, 16
6214PT, 272, 182, 63
6218XX, 16, 7, 6
6214PS, 384, 332, 82
6227ST, 152, 51, 18
6214PN, 271, 166, 61
6214PM, 367, 305, 76
6227SN, 165, 55, 18
6214PP, 375, 307, 78
6227SP, 143, 49, 16
6214PJ, 162, 51, 27
6227SK, 160, 51, 17
6227SJ, 153, 51, 18
6214PL, 272, 170, 61
6227SM, 157, 50, 17
6214PK, 384, 337, 80
6227SL, 172, 59, 23
6227SG, 158, 54, 18
6214PE, 347, 253, 70
6214PH, 196, 57, 42
6214PG, 270, 169, 58
6227SH, 154, 50, 17
6214PB, 234, 83, 50
6227SC, 159, 50, 18
6214PA, 240, 90, 51
6227SB, 151, 52, 18
6214PD, 290, 220, 60
6214PC, 389, 359, 81
6218XG, 17, 7, 6
6218XB, 18, 7, 6
6218XA, 18, 7, 6
6218XD, 16, 7, 6
6218XC, 19, 7, 6
6227RZ, 159, 51, 18
6227RV, 155, 56, 18
6227RX, 158, 51, 18
6227RW, 161, 52, 18
6227RR, 161, 59, 17
6227RT, 155, 55, 17
6227RS, 159, 59, 18
6228CZ, 32, 15, 3
6228CV, 35, 15, 3
6228CX, 31, 16, 3
6228CW, 34, 16, 3
6228CR, 38, 15, 3
6228CT, 33, 16, 3
6228CS, 34, 16, 3
6228CN, 36, 15, 3
6228CM, 37, 15, 3
6228CP, 37, 15, 3
6228CK, 39, 15, 3
6228CB, 30, 15, 3
6228CA, 35, 14, 3
6228CD, 30, 15, 3
6228CC, 33, 14, 3
6228BT, 36, 14, 3
6228BV, 35, 14, 3
6228BP, 32, 15, 3
6228BS, 36, 13, 3
6228BR, 37, 13, 3
6228BL, 40, 13, 3
6228BN, 40, 13, 3
6228BH, 29, 11, 3
6228BK, 27, 10, 3
6228BJ, 28, 11, 3
6228BE, 45, 13, 3
6228BD, 37, 14, 3
6228BG, 30, 15, 3
6228BA, 51, 12, 3
6228BC, 55, 13, 5
6228AX, 78, 15, 6
6228AZ, 82, 15, 9
6228AT, 66, 13, 6
6228AS, 84, 16, 10
6228AR, 87, 16, 10
6228AL, 71, 13, 8
6228AK, 84, 15, 10
6228AN, 78, 13, 10
6228AM, 92, 15, 11
6228AH, 74, 14, 9
6228AG, 56, 14, 6
6228AJ, 67, 13, 6
6228AE, 63, 13, 6
6219CZ, 81, 22, 26
6219BZ, 106, 30, 34
6219BW, 109, 31, 34
6219BV, 92, 24, 26
6219BX, 112, 34, 35
6219BS, 86, 23, 24
6219BR, 85, 22, 24
6219BT, 91, 23, 24
6219BN, 60, 18, 22
6219BP, 87, 25, 24
6219BK, 77, 22, 25
6219BJ, 79, 22, 25
6219BM, 66, 17, 22
6219BG, 83, 23, 25
6219BH, 80, 23, 23
6219BC, 101, 29, 32
6219BB, 100, 31, 32
6219BE, 89, 24, 27
6219BD, 94, 25, 28
6214XZ, 95, 41, 7
6219BA, 92, 25, 27
6219AZ, 122, 40, 36
6214XX, 104, 41, 14
6219AV, 134, 42, 36
6219AX, 103, 28, 32
6219AW, 129, 42, 36
6214XN, 109, 41, 16
6219AR, 138, 50, 37
6214XM, 111, 42, 17
6214XP, 104, 41, 16
6219AT, 146, 48, 37
6219AS, 149, 55, 38
6214XJ, 104, 42, 14
6219AN, 187, 121, 41
6219AM, 184, 107, 41
6214XL, 108, 41, 14
6219AP, 148, 55, 38
6214XK, 96, 44, 9
6219AJ, 178, 90, 41
6214XH, 120, 42, 17
6219AL, 201, 156, 42
6214XG, 111, 42, 16
6219AK, 125, 41, 36
6214XA, 102, 42, 12
6219AE, 210, 190, 42
6219AH, 185, 89, 39
6214XC, 101, 43, 12
6219AG, 173, 68, 40
6219AB, 197, 150, 42
6219AA, 113, 31, 36
6219AD, 189, 111, 41
6219AC, 28, 8, 7
6223BB, 16, 0, 2
6223BA, 17, 0, 2
6223BD, 18, 0, 2
6223BC, 17, 0, 2
6223AX, 17, 0, 1
6223AZ, 17, 0, 2
6223AT, 17, 0, 2
6223AW, 17, 1, 2
6223AV, 17, 0, 2
6223AP, 17, 1, 2
6223AS, 17, 0, 2
6223AR, 17, 1, 2
6223AM, 17, 1, 2
6223AL, 17, 0, 2
6223AN, 17, 1, 2
6223AH, 17, 0, 2
6223AK, 17, 0, 2
6223AJ, 17, 0, 2
6223AE, 19, 1, 2
6223AD, 18, 0, 2
6223AG, 18, 0, 2
6223AC, 18, 2, 2
6223AB, 27, 6, 3
6218ND, 20, 24, 3
6218NC, 15, 18, 3
6218NE, 18, 21, 3
6218NB, 5, 0, 1
6218NA, 5, 0, 2
6227HR, 150, 58, 15
6227HL, 137, 59, 15
6227HK, 137, 60, 15
6227HN, 148, 58, 15
6227HM, 151, 58, 15
6227HJ, 144, 58, 15
6227HD, 129, 57, 13
6227HE, 129, 58, 14
6227HB, 125, 52, 13
6227HA, 129, 54, 13
6227GV, 119, 46, 12
6227GS, 112, 29, 12
6227GR, 104, 25, 12
6227GT, 122, 48, 12
6227GN, 107, 34, 11
6227GP, 107, 28, 12
6227GK, 98, 17, 10
6227GJ, 104, 18, 12
6227GM, 117, 46, 12
6227GL, 96, 17, 11
6227GH, 113, 29, 12
6227GC, 138, 49, 15
6214DA, 253, 146, 54
6227GB, 137, 54, 15
6227GE, 114, 25, 12
6227GA, 136, 46, 14
6227EX, 142, 25, 15
6227ET, 115, 19, 14
6227EW, 114, 18, 12
6227EV, 121, 18, 13
6227EP, 140, 28, 15
6227ES, 116, 18, 12
6227ER, 145, 41, 15
6227EL, 145, 52, 15
6227EN, 141, 48, 15
6214BH, 533, 477, 124
6214BG, 246, 71, 64
6227EH, 142, 60, 15
6227EJ, 149, 53, 16
6214BD, 205, 56, 57
6227EE, 148, 58, 15
6214BC, 319, 198, 78
6227ED, 138, 59, 15
6227EG, 143, 48, 16
6214BE, 102, 40, 15
6227EA, 136, 58, 15
6214BB, 486, 446, 113
6227EC, 134, 28, 15
6214BA, 467, 442, 109
6227EB, 148, 60, 15
6214AZ, 506, 482, 116
6214AW, 520, 488, 120
6214AV, 400, 372, 85
6214AX, 501, 464, 115
6214AS, 439, 457, 98
6214AR, 428, 430, 90
6214AT, 493, 483, 110
6214AN, 379, 355, 75
6214AP, 470, 474, 97
6214AK, 484, 485, 107
6214AJ, 504, 488, 111
6214AM, 446, 473, 94
6214AL, 426, 424, 92
6214AG, 535, 486, 125
6214AH, 524, 490, 115
6214AC, 467, 487, 98
6214AB, 477, 487, 100
6214AE, 532, 492, 118
6214AD, 502, 488, 111
6214AA, 362, 312, 71
6227DB, 165, 58, 19
6227DA, 178, 64, 24
6227CV, 98, 49, 12
6227CR, 69, 48, 10
6218HW, 25, 33, 2
6227CN, 84, 50, 11
6218HT, 26, 31, 3
6218HS, 25, 31, 3
6227CP, 73, 48, 10
6218HN, 26, 30, 3
6227CK, 100, 50, 13
6218HM, 22, 23, 7
6218HP, 23, 24, 7
6227CM, 73, 48, 10
6227CL, 101, 50, 13
6218HJ, 27, 30, 6
6227CG, 102, 49, 12
6218HL, 23, 24, 8
6218HK, 28, 31, 3
6227CH, 98, 49, 12
6227CC, 103, 49, 13
6218HE, 22, 23, 7
6227CB, 103, 49, 13
6218HH, 27, 30, 6
6227CE, 103, 49, 13
6218HG, 27, 30, 5
6227CD, 103, 49, 13
6218HB, 21, 19, 7
6218HA, 22, 21, 7
6218HD, 22, 23, 7
6218HC, 22, 23, 7
6227BZ, 69, 49, 7
6227BV, 84, 49, 11
6218GX, 22, 23, 7
6227BX, 95, 50, 13
6218GZ, 26, 28, 7
6227BW, 74, 49, 10
6227BR, 147, 50, 16
6218GT, 23, 23, 7
6218GW, 22, 23, 7
6227BT, 90, 50, 11
6218GV, 22, 23, 7
6227BS, 101, 50, 15
6227BN, 119, 49, 15
6218GP, 22, 23, 7
6227BM, 144, 50, 16
6227BP, 128, 50, 15
6218GR, 32, 28, 6
6218GM, 24, 23, 7
6227BJ, 151, 50, 17
6218GL, 25, 23, 7
6227BL, 137, 49, 15
6218GN, 22, 23, 7
6227BK, 117, 49, 15
6218GH, 27, 29, 7
6227BE, 172, 65, 23
6218GK, 28, 23, 7
6227BH, 124, 51, 15
6218GJ, 26, 24, 7
6227BG, 129, 49, 15
6218GE, 27, 29, 7
6227BB, 160, 51, 17
6218GD, 30, 28, 6
6227BA, 158, 53, 16
6218GG, 28, 29, 7
6227BD, 167, 54, 19
6227BC, 164, 53, 19
6227RN, 161, 59, 17
6227RM, 149, 51, 16
6227RP, 161, 56, 15
6227RJ, 164, 64, 16
6227RL, 159, 59, 16
6227RK, 158, 63, 16
6218WH, 23, 7, 5
6227RE, 149, 30, 14
6227RH, 159, 64, 16
6227RG, 160, 50, 15
6218WE, 23, 7, 6
6218WD, 23, 7, 6
6218WG, 23, 7, 5
6227RD, 161, 59, 17
6227RC, 162, 59, 16
6218WC, 23, 7, 6
6218WB, 23, 7, 6
6218VX, 19, 7, 6
6218VW, 24, 22, 7
6218VZ, 17, 7, 6
6218VT, 20, 13, 6
6218VS, 22, 19, 6
6218VV, 20, 12, 6
6218VP, 21, 10, 6
6218VR, 20, 10, 6
6218VL, 20, 9, 6
6218VK, 20, 9, 6
6218VN, 22, 16, 6
6218VM, 19, 7, 6
6218VH, 28, 19, 6
6218VG, 24, 23, 7
6218VJ, 23, 7, 6
6218VD, 24, 22, 7
6218VC, 26, 14, 6
6218VB, 17, 9, 6
6218VA, 19, 7, 6
6223HV, 8, 1, 0
6223HG, 11, 1, 0
6223HD, 11, 1, 0
6223HC, 10, 0, 0
6223HE, 11, 1, 0
6223HB, 10, 1, 0
6223HA, 10, 1, 0
6223GZ, 11, 1, 0
6223GW, 10, 1, 0
6223GX, 11, 1, 0
6223GS, 11, 1, 0
6223GR, 11, 1, 0
6223GT, 11, 1, 0
6223GN, 11, 1, 0
6223GP, 11, 1, 0
6223GM, 11, 1, 0
6223GL, 11, 1, 0
6223GG, 11, 1, 0
6223GH, 11, 1, 0
6218TJ, 23, 7, 6
6223GC, 11, 1, 0
6223GB, 11, 1, 0
6218TL, 23, 7, 6
6223GE, 11, 1, 0
6218TK, 23, 7, 6
6223GD, 11, 1, 0
6218TE, 23, 7, 6
6218TH, 23, 7, 6
6223GA, 11, 1, 0
6218TG, 23, 7, 6
6218TB, 29, 23, 7
6218TA, 29, 24, 6
6218TD, 24, 7, 6
6218TC, 23, 7, 6
6218SX, 28, 20, 5
6218SZ, 29, 22, 6
6218ST, 33, 23, 5
6218SW, 26, 18, 5
6218SV, 30, 22, 5
6218SP, 31, 23, 5
6218SR, 27, 17, 5
6218SM, 23, 7, 5
6218SL, 23, 7, 5
6218SN, 33, 24, 5
6218SH, 23, 7, 5
6218SK, 24, 7, 6
6218SJ, 23, 7, 5
6218SE, 23, 7, 5
6218SG, 23, 7, 5
6218SC, 26, 16, 6
6218SB, 26, 16, 6
6223ET, 11, 1, 0
6223EV, 11, 1, 0
6218RX, 23, 7, 5
6218RW, 23, 7, 5
6218RZ, 23, 7, 5
6218RT, 23, 7, 5
6218RS, 23, 7, 5
6218RV, 23, 7, 5
6218RP, 23, 7, 6
6218RR, 23, 7, 5
6218RL, 23, 7, 5
6223EE, 6, 0, 2
6218RK, 23, 7, 5
6223ED, 6, 0, 2
6218RN, 23, 7, 6
6223EG, 5, 0, 1
6218RM, 23, 7, 5
6218RH, 23, 8, 5
6223EA, 6, 0, 2
6218RG, 23, 8, 5
6218RJ, 22, 7, 5
6223EC, 6, 0, 2
6223EB, 6, 0, 2
6218RD, 23, 8, 5
6218RC, 24, 8, 5
6218RE, 23, 8, 5
6218RB, 24, 10, 5
6223CS, 6, 0, 1
6223CR, 6, 0, 1
6223CT, 6, 0, 1
6223CN, 6, 0, 2
6223CP, 6, 0, 2
6223CK, 6, 0, 2
6223CJ, 6, 0, 2
6223CM, 6, 0, 2
6223CL, 6, 0, 2
6223CG, 6, 0, 2
6223CH, 6, 0, 2
6223CA, 6, 0, 2
6223BV, 6, 0, 2
6223BW, 6, 0, 2
6223BR, 6, 0, 2
6223BT, 6, 0, 2
6223BS, 6, 0, 2
6223BM, 5, 0, 2
6223BJ, 6, 0, 2
6223BL, 6, 0, 2
6223BK, 7, 0, 2
6223BE, 18, 0, 2
6223BH, 6, 0, 2
6223BG, 17, 0, 2
6226XW, 68, 51, 8
6226XV, 49, 48, 5
6226XM, 99, 28, 24
6222PH, 4, 0, 1
6226XL, 94, 40, 19
6226XN, 79, 33, 15
6222PE, 2, 0, 1
6222PD, 2, 0, 0
6226XH, 116, 54, 25
6222PG, 1, 0, 1
6226XK, 101, 31, 24
6226XJ, 100, 41, 20
6226XE, 119, 56, 26
6226XD, 119, 39, 25
6226XG, 110, 49, 24
6226XA, 115, 49, 25
6226XC, 104, 40, 25
6226XB, 111, 41, 25
6226WX, 51, 48, 5
6226WZ, 62, 50, 6
6226WT, 69, 51, 8
6226WS, 68, 51, 7
6226WV, 61, 50, 6
6226WP, 56, 50, 5
6226WR, 62, 50, 6
6226WL, 47, 49, 5
6226WK, 59, 51, 6
6226WN, 60, 50, 5
6226WH, 56, 49, 5
6226WG, 59, 49, 8
6226WJ, 70, 51, 8
6226WD, 53, 49, 5
6226WC, 60, 48, 8
6226WE, 61, 51, 8
6222NZ, 21, 2, 3
6226WB, 61, 51, 8
6226VZ, 76, 39, 13
6226VV, 83, 45, 15
6226VX, 96, 56, 16
6226VR, 130, 53, 26
6226VN, 103, 39, 24
6226VP, 115, 34, 24
6222NG, 26, 3, 3
6226VJ, 90, 61, 15
6226VM, 102, 41, 24
6226VL, 112, 31, 24
6222NE, 24, 3, 2
6222NA, 25, 3, 2
6226TA, 66, 48, 8
6226TB, 64, 48, 9
6217XZ, 81, 58, 9
6217XW, 67, 54, 8
6217XV, 56, 51, 7
6217XS, 48, 48, 6
6217XT, 52, 50, 6
6217XN, 59, 51, 7
6217XP, 56, 54, 8
6217XK, 68, 52, 8
6217XJ, 59, 53, 9
6217XM, 61, 50, 7
6217XL, 66, 51, 7
6217XG, 69, 52, 8
6217XH, 51, 52, 8
6217XC, 60, 53, 10
6217XE, 60, 53, 9
6217XD, 67, 52, 8
6217VX, 60, 53, 9
6217VZ, 68, 56, 9
6217VT, 66, 51, 7
6217VW, 60, 52, 10
6217VP, 60, 46, 7
6217VR, 60, 51, 8
6217VM, 59, 46, 7
6217VL, 58, 48, 7
6217VN, 56, 46, 7
6213NE, 25, 2, 14
6217VH, 62, 48, 7
6217VK, 60, 48, 7
6217VJ, 62, 46, 7
6213NA, 52, 7, 27
6217VE, 70, 54, 8
6213NC, 38, 7, 23
6217VG, 69, 52, 7
6213NB, 14, 0, 8
6218GA, 22, 23, 7
6222XX, 40, 18, 7
6218GC, 29, 28, 7
6218GB, 24, 23, 7
6222XZ, 40, 19, 10
6222XT, 49, 22, 11
6227AX, 155, 58, 18
6222XW, 30, 14, 7
6222XV, 64, 26, 12
6227AZ, 160, 57, 17
6222XP, 43, 17, 7
6227AT, 162, 52, 18
6222XS, 42, 19, 8
6227AW, 140, 58, 16
6222XR, 42, 18, 7
6227AV, 139, 58, 16
6222XM, 34, 16, 7
6222XL, 34, 15, 7
6227AP, 158, 52, 18
6227AS, 168, 58, 19
6222XN, 41, 14, 7
6227AR, 169, 59, 21
6227AM, 164, 59, 21
6222XH, 61, 25, 15
6227AL, 176, 60, 23
6222XK, 57, 22, 12
6222XJ, 63, 24, 17
6227AN, 167, 56, 18
6222XE, 44, 18, 10
6222XD, 49, 21, 10
6227AH, 203, 74, 27
6222XG, 61, 27, 13
6227AK, 164, 54, 19
6227AE, 49, 46, 4
6227AD, 65, 48, 9
6227AA, 172, 66, 23
6227AC, 110, 50, 13
6227AB, 137, 59, 16
6218EW, 22, 23, 7
6218EV, 22, 23, 7
6218EX, 22, 23, 7
6218ES, 22, 23, 7
6222WL, 47, 16, 8
6218ER, 18, 19, 7
6222WK, 47, 15, 8
6218ET, 22, 23, 7
6222WH, 35, 16, 8
6218EN, 30, 23, 7
6222WJ, 46, 15, 7
6218EP, 26, 23, 7
6218EK, 32, 24, 6
6222WD, 37, 17, 7
6218EJ, 32, 24, 6
6218EM, 31, 23, 7
6218EL, 25, 23, 7
6222WE, 37, 17, 10
6218EG, 29, 24, 7
6222WB, 34, 15, 7
6218EH, 29, 23, 7
6218EC, 26, 23, 7
6218EB, 25, 23, 7
6222VZ, 39, 18, 10
6218EE, 29, 23, 7
6218ED, 28, 23, 7
6222VW, 38, 18, 9
6222VV, 38, 17, 7
6218EA, 24, 23, 7
6222VX, 37, 16, 7
6222VR, 29, 13, 7
6222VK, 30, 15, 7
6222VJ, 37, 11, 7
6222VM, 36, 13, 7
6222VL, 36, 13, 7
6222VG, 33, 8, 6
6222VH, 26, 9, 7
6222VC, 28, 13, 7
6222VB, 26, 11, 7
6222VE, 36, 7, 7
6222VD, 36, 11, 7
6218DA, 32, 25, 6
6218CX, 24, 23, 7
6218CZ, 24, 23, 7
6218CT, 29, 24, 6
6218CW, 24, 23, 7
6218CV, 26, 23, 7
6218CP, 31, 24, 6
6218CS, 27, 23, 7
6218CR, 26, 23, 7
6218CM, 32, 24, 6
6218CN, 31, 24, 6
6218CH, 32, 24, 6
6218CK, 34, 25, 6
6218CJ, 34, 24, 6
6218CE, 31, 24, 7
6218CD, 26, 24, 7
6218CG, 31, 24, 6
6222TX, 36, 4, 6
6218CC, 28, 23, 7
6218CB, 28, 23, 7
6222TZ, 36, 6, 6
6222TT, 36, 7, 6
6222TW, 37, 6, 6
6222TV, 36, 5, 6
6218BX, 28, 24, 7
6218BW, 28, 24, 7
6222TP, 31, 8, 7
6218BZ, 29, 24, 6
6222TS, 38, 5, 6
6222TR, 36, 8, 7
6218BT, 24, 23, 7
6222TM, 29, 9, 7
6218BS, 25, 23, 7
6222TL, 29, 7, 7
6218BV, 27, 23, 7
6222TN, 29, 7, 6
6218BP, 24, 23, 7
6218BR, 24, 23, 7
6222TJ, 31, 8, 7
6222TE, 35, 5, 6
6218BK, 24, 23, 7
6222TD, 28, 7, 6
6222TG, 38, 5, 6
6222TC, 34, 5, 6
6222TB, 34, 5, 6
6218BC, 24, 23, 7
6218BE, 21, 21, 7
6222SX, 36, 6, 6
6222SW, 38, 6, 6
6222ST, 32, 7, 6
6218AZ, 26, 19, 6
6222SV, 23, 7, 6
6218AW, 38, 38, 5
6222SP, 26, 7, 6
6218AV, 28, 22, 6
6222SR, 23, 7, 6
6218AX, 38, 38, 5
6218AS, 32, 24, 6
6218AR, 32, 24, 6
6222SK, 29, 7, 6
6222SN, 24, 7, 6
6218AT, 32, 24, 5
6222SM, 27, 7, 6
6222SH, 27, 7, 6
6218AN, 32, 24, 6
6222SG, 22, 6, 6
6222SJ, 30, 7, 6
6218AP, 32, 24, 6
6218AK, 30, 24, 7
6218AJ, 33, 24, 6
6218AM, 32, 24, 6
6218AL, 32, 24, 7
6218AG, 33, 26, 5
6218AH, 33, 24, 5
6218AA, 29, 31, 5
6226XX, 97, 27, 23
6226XZ, 102, 32, 23
6226HE, 83, 52, 8
6213EC, 51, 17, 7
6226HD, 91, 52, 12
6226HA, 90, 58, 9
6213EB, 51, 17, 7
6226HB, 67, 51, 8
6226GX, 93, 63, 11
6217LZ, 254, 163, 52
6226GW, 105, 63, 11
6226GZ, 98, 63, 9
6217LW, 159, 85, 39
6226GT, 99, 63, 10
6217LV, 329, 241, 61
6226GS, 105, 63, 10
6226GV, 100, 58, 12
6217LX, 253, 161, 53
6217LS, 235, 129, 47
6226GP, 110, 59, 13
6217LR, 256, 161, 53
6226GR, 111, 63, 12
6217LT, 345, 284, 64
6226GL, 140, 66, 18
6217LN, 160, 85, 34
6226GK, 127, 63, 15
6226GN, 112, 59, 15
6217LP, 155, 85, 33
6226GM, 124, 60, 14
6217LK, 176, 92, 39
6226GH, 130, 63, 15
6217LJ, 162, 82, 31
6226GG, 139, 64, 17
6217LM, 221, 121, 46
6226GJ, 140, 65, 18
6217LL, 186, 110, 44
6217LG, 171, 85, 37
6226GD, 133, 60, 18
6226GC, 148, 67, 20
6217LH, 191, 90, 42
6226GE, 144, 65, 18
6217LC, 319, 241, 58
6217LB, 274, 188, 56
6217LE, 196, 87, 43
6226GB, 160, 67, 21
6217LD, 211, 106, 44
6226GA, 159, 67, 21
6217LA, 273, 184, 55
6213CV, 96, 33, 16
6217KZ, 252, 153, 49
6213CW, 98, 38, 14
6213CR, 132, 36, 28
6217KV, 327, 233, 61
6213CT, 99, 35, 19
6217KX, 264, 168, 52
6213CS, 99, 34, 21
6217KW, 255, 172, 50
6213CN, 113, 24, 28
6217KR, 354, 266, 63
6213CP, 90, 21, 16
6217KT, 341, 242, 62
6217KS, 392, 376, 75
6213CJ, 82, 18, 20
6217KN, 401, 390, 75
6217KM, 345, 277, 63
6217KP, 339, 257, 61
6213CK, 188, 55, 46
6217KJ, 508, 495, 105
6213CE, 161, 25, 41
6213CH, 164, 36, 39
6217KL, 438, 441, 88
6213CG, 266, 96, 69
6217KK, 344, 279, 64
6213CB, 211, 49, 64
6213CA, 291, 114, 75
6217KE, 537, 507, 121
6213CD, 197, 48, 59
6217KH, 523, 498, 117
6213CC, 161, 26, 39
6217KG, 530, 502, 120
6217KB, 289, 191, 59
6217KA, 372, 347, 72
6217KD, 539, 497, 113
6217KC, 225, 78, 49
6226EZ, 163, 72, 22
6226EV, 139, 65, 15
6213BT, 78, 18, 21
6217JX, 93, 57, 13
6226EX, 147, 67, 20
6213BV, 94, 18, 28
6217JZ, 89, 55, 7
6226EW, 141, 68, 20
6226ER, 101, 59, 11
6213BP, 83, 13, 31
6217JT, 148, 73, 29
6213BS, 83, 18, 26
6217JW, 104, 65, 15
6226ET, 123, 63, 14
6213BR, 76, 16, 27
6217JV, 135, 70, 21
6226ES, 118, 63, 13
6226EN, 168, 75, 22
6213BL, 75, 12, 30
6217JP, 154, 78, 30
6226EM, 155, 71, 21
6217JS, 200, 60, 43
6226EP, 86, 53, 9
6217JR, 178, 68, 37
6217JM, 216, 84, 46
6226EJ, 126, 63, 14
6213BH, 265, 76, 70
6217JL, 166, 74, 32
6213BK, 147, 23, 42
6226EL, 144, 68, 20
6213BJ, 182, 36, 54
6217JN, 176, 76, 40
6226EK, 146, 68, 20
6213BE, 77, 12, 31
6213BD, 142, 23, 43
6217JH, 96, 62, 12
6226EE, 97, 59, 10
6213BG, 392, 317, 103
6217JK, 118, 70, 17
6226EH, 126, 63, 14
6217JJ, 134, 71, 24
6226EG, 109, 63, 13
6213BA, 233, 51, 70
6217JE, 95, 58, 12
6226EB, 116, 63, 12
6217JD, 126, 73, 19
6226EA, 120, 63, 13
6217JG, 106, 75, 16
6226ED, 93, 58, 10
6213BB, 182, 31, 56
6226EC, 88, 54, 9
6217JA, 73, 57, 8
6217JB, 77, 58, 8
6213AP, 174, 28, 49
6226DP, 137, 73, 21
6226DS, 132, 74, 22
6226DR, 142, 76, 27
6213AL, 185, 35, 58
6226DM, 88, 61, 14
6213AK, 203, 38, 66
6226DL, 90, 60, 15
6213AM, 106, 19, 36
6226DH, 82, 59, 13
6213AJ, 282, 84, 75
6226DK, 88, 60, 15
6226DJ, 77, 58, 11
6213AD, 377, 233, 103
6213AC, 404, 350, 107
6226DG, 84, 60, 13
6213AE, 266, 75, 76
6226DA, 104, 63, 15
6213AB, 381, 264, 105
6213AA, 407, 361, 109
6226DB, 88, 60, 15
6226CX, 131, 65, 15
6217HZ, 81, 53, 6
6226CW, 137, 68, 17
6226CZ, 130, 64, 14
6217HW, 82, 60, 10
6226CT, 153, 75, 18
6217HV, 79, 57, 9
6226CS, 128, 64, 14
6226CV, 132, 67, 16
6217HX, 91, 63, 9
6217HS, 100, 67, 15
6226CP, 130, 65, 14
6217HR, 99, 66, 15
6226CR, 162, 76, 19
6217HT, 86, 61, 10
6226CL, 144, 68, 18
6217HN, 98, 67, 15
6226CK, 149, 70, 20
6226CN, 154, 75, 19
6217HP, 91, 64, 11
6226CM, 121, 63, 13
6217HK, 99, 73, 17
6226CH, 161, 77, 20
6217HJ, 96, 69, 15
6226CG, 162, 76, 19
6217HM, 105, 73, 16
6226CJ, 171, 76, 22
6217HL, 111, 74, 17
6217HG, 96, 65, 14
6226CD, 167, 79, 27
6226CC, 171, 75, 23
6221ZB, 543, 522, 120
6217HH, 91, 63, 12
6226CE, 164, 78, 24
6217HC, 47, 48, 8
6217HB, 75, 55, 11
6217HE, 88, 62, 12
6226CB, 171, 79, 27
6217HD, 31, 29, 7
6226CA, 180, 75, 23
6217HA, 139, 80, 27
6217GZ, 32, 33, 6
6226BV, 138, 74, 19
6217GV, 73, 55, 9
6226BS, 135, 69, 16
6226BR, 121, 64, 12
6217GX, 40, 41, 7
6217GW, 52, 49, 9
6226BT, 114, 64, 12
6217GR, 102, 71, 18
6226BN, 118, 64, 12
6217GT, 99, 69, 15
6217GS, 100, 70, 17
6226BP, 113, 64, 12
6217GN, 33, 28, 8
6226BK, 106, 64, 11
6217GM, 31, 28, 9
6226BJ, 113, 64, 13
6217GP, 133, 81, 24
6226BL, 112, 64, 12
6217GJ, 29, 28, 9
6226BG, 145, 76, 20
6217GL, 32, 28, 9
6217GK, 38, 30, 12
6226BH, 118, 66, 17
6226BC, 134, 75, 19
6217GE, 43, 30, 12
6226BB, 105, 64, 14
6217GH, 30, 27, 8
6226BE, 115, 65, 17
6217GG, 30, 27, 9
6226BD, 93, 62, 13
6217GB, 32, 32, 5
6221XZ, 475, 504, 91
6217GA, 31, 32, 5
6217GD, 27, 27, 9
6226BA, 93, 63, 12
6221XV, 501, 514, 110
6226AZ, 64, 57, 10
6221XX, 479, 506, 100
6221XW, 487, 511, 102
6221XR, 505, 514, 113
6226AV, 85, 61, 12
6221XT, 498, 511, 106
6226AX, 78, 59, 11
6221XS, 502, 513, 111
6226AW, 62, 49, 10
6221XN, 527, 519, 117
6221XM, 499, 512, 110
6221XP, 513, 518, 117
6226AT, 136, 73, 20
6221XJ, 567, 526, 125
6226AN, 127, 73, 23
6226AM, 136, 74, 28
6221XL, 518, 515, 113
6226AP, 134, 76, 27
6221XK, 549, 521, 122
6226AJ, 127, 73, 26
6221XE, 560, 517, 124
6221XH, 546, 517, 121
6226AL, 133, 74, 28
6221XG, 546, 516, 121
6226AK, 116, 69, 18
6221XB, 573, 515, 126
6221XA, 562, 514, 126
6226AE, 146, 75, 28
6221XD, 562, 517, 124
6226AH, 118, 72, 23
6221XC, 576, 517, 125
6226AG, 151, 77, 28
6226AB, 124, 62, 27
6226AA, 112, 65, 23
6226AD, 123, 58, 26
6226AC, 110, 57, 23
6217EW, 33, 33, 6
6217EZ, 31, 33, 7
6217ET, 32, 34, 6
6217ES, 39, 40, 5
6217EV, 38, 41, 6
6217EP, 38, 44, 6
6217ER, 32, 33, 7
6217EL, 39, 47, 7
6217EK, 47, 52, 8
6217EN, 37, 38, 7
6217EM, 39, 50, 7
6217EH, 43, 52, 7
6217EG, 43, 52, 5
6217EJ, 44, 52, 6
6217EE, 44, 52, 6
6213KE, 25, 6, 2
6213KG, 26, 6, 2
6213KB, 23, 6, 4
6213KA, 24, 6, 4
6226NB, 53, 46, 4
6213KD, 26, 6, 2
6226NE, 30, 31, 2
6213JX, 25, 6, 3
6213JZ, 24, 6, 3
6213JT, 24, 6, 3
6213JW, 25, 6, 3
6213JV, 25, 6, 4
6213JP, 25, 6, 2
6222EM, 29, 8, 6
6213JS, 25, 6, 4
6222EP, 32, 8, 14
6213JR, 23, 6, 3
6222EJ, 34, 9, 13
6213JL, 27, 6, 2
6222EL, 34, 8, 15
6213JN, 27, 6, 3
6222EK, 29, 8, 6
6213JH, 26, 6, 2
6213JK, 27, 6, 2
6222EH, 29, 9, 6
6222EG, 38, 9, 16
6222EB, 31, 8, 14
6213JD, 25, 6, 4
6222EA, 29, 8, 6
6213JG, 26, 6, 2
6222ED, 49, 9, 17
6222EC, 29, 9, 6
6213JA, 27, 6, 3
6213JC, 27, 6, 3
6213JB, 25, 6, 4
6217RA, 69, 49, 4
6222CX, 29, 9, 6
6213HZ, 25, 6, 2
6222CZ, 30, 9, 6
6213HW, 26, 6, 2
6222CT, 30, 9, 6
6213HV, 27, 6, 2
6222CS, 27, 8, 6
6213HX, 26, 6, 2
6213HS, 27, 6, 2
6222CP, 27, 8, 6
6213HR, 30, 6, 2
6222CR, 29, 9, 6
6213HT, 27, 6, 2
6217PX, 311, 214, 59
6222CL, 29, 9, 6
6213HN, 30, 6, 2
6222CN, 26, 8, 6
6213HP, 29, 6, 2
6222CM, 28, 9, 6
6213HK, 31, 6, 2
6222CH, 25, 5, 3
6222CG, 25, 5, 3
6222CJ, 25, 5, 3
6213HL, 31, 6, 2
6213HG, 26, 6, 4
6217PK, 40, 29, 9
6222CD, 26, 5, 5
6217PJ, 44, 43, 8
6222CC, 27, 7, 6
6213HH, 28, 6, 4
6222CE, 25, 5, 3
6213HE, 31, 6, 3
6222CB, 26, 5, 6
6213HD, 24, 6, 3
6217PH, 45, 32, 9
6222CA, 26, 5, 6
6217PB, 79, 45, 17
6222BZ, 26, 5, 6
6213GZ, 39, 9, 4
6222BW, 26, 4, 5
6222BV, 25, 4, 2
6217PA, 77, 54, 14
6222BX, 25, 5, 3
6213GV, 33, 9, 5
6222BS, 28, 5, 6
6222BR, 29, 7, 6
6213GX, 39, 9, 4
6213GW, 27, 6, 5
6222BT, 26, 5, 5
6226JX, 78, 51, 9
6213GR, 38, 9, 5
6222BN, 28, 5, 6
6213GS, 29, 6, 5
6222BP, 28, 5, 6
6213GM, 42, 9, 3
6222BJ, 29, 9, 6
6213GP, 42, 9, 2
6222BM, 27, 5, 6
6222BL, 28, 5, 6
6213GJ, 40, 9, 5
6222BG, 26, 8, 6
6213GL, 44, 9, 5
6213GK, 36, 9, 5
6222BH, 27, 8, 6
6222BC, 51, 16, 10
6213GE, 49, 10, 4
6222BB, 44, 13, 8
6213GH, 50, 10, 5
6222BE, 27, 8, 6
6213GG, 47, 10, 5
6222BD, 25, 6, 3
6213GB, 113, 42, 18
6213GA, 338, 235, 86
6213GD, 30, 6, 2
6222BA, 37, 13, 7
6213GC, 43, 9, 3
6222AR, 73, 21, 20
6217NX, 104, 59, 20
6222AT, 62, 21, 19
6217NZ, 92, 57, 18
6222AS, 66, 21, 20
6222AM, 13, 3, 2
6217NW, 125, 77, 26
6222AP, 56, 17, 19
6217NV, 119, 71, 23
6222AJ, 49, 18, 10
6217NP, 50, 49, 8
6217NS, 86, 57, 13
6222AL, 46, 13, 7
6217NR, 66, 53, 11
6222AK, 33, 5, 6
6222AE, 34, 4, 6
6222AH, 45, 13, 7
6217NN, 81, 56, 14
6222AG, 33, 10, 7
6217NH, 109, 70, 19
6222AA, 61, 8, 17
6217NK, 82, 57, 12
6217NE, 288, 202, 57
6217ND, 224, 120, 44
6217NC, 234, 137, 49
6217NB, 260, 159, 55
6213EX, 54, 16, 5
6213EW, 45, 16, 6
6226HX, 169, 79, 30
6213EZ, 58, 17, 5
6213ET, 61, 17, 6
6213ES, 62, 18, 6
6226HT, 142, 67, 16
6213EV, 44, 15, 6
6226HW, 142, 67, 16
6226HV, 142, 67, 16
6213EP, 78, 28, 7
6213ER, 76, 27, 7
6226HS, 109, 53, 13
6226HR, 139, 62, 18
6226HM, 99, 56, 11
6226HL, 92, 55, 10
6213EN, 86, 36, 7
6213EM, 86, 36, 7
6226HN, 97, 51, 12
6213EG, 38, 9, 3
6226HH, 95, 55, 11
6213EJ, 38, 9, 5
6226HK, 89, 53, 10
6226HJ, 96, 58, 11
6221KZ, 575, 487, 115
6221KT, 627, 514, 125
6221KV, 617, 510, 126
6221KS, 607, 500, 129
6221KR, 611, 503, 124
6221KM, 584, 496, 122
6216XS, 53, 25, 2
6221KN, 617, 501, 127
6216XP, 51, 29, 6
6216XR, 44, 22, 5
6216XL, 55, 23, 6
6216XK, 46, 22, 6
6216XN, 46, 22, 5
6216XM, 56, 23, 6
6216XH, 46, 22, 5
6216XG, 46, 22, 4
6216XJ, 46, 22, 5
6216XD, 48, 22, 5
6216XC, 47, 22, 5
6216XE, 48, 22, 3
6216XB, 51, 22, 5
6221JP, 661, 526, 145
6221JR, 539, 490, 110
6221JL, 602, 505, 121
6221JK, 560, 499, 116
6221JN, 594, 505, 117
6221JM, 559, 497, 113
6221JH, 511, 486, 104
6221JG, 534, 440, 110
6221JJ, 582, 502, 113
6221JD, 451, 421, 90
6221JC, 573, 500, 113
6221JE, 562, 484, 115
6221JB, 579, 503, 114
6221JA, 597, 508, 122
6229ZD, 38, 16, 13
6229ZC, 45, 19, 12
6229ZE, 35, 15, 13
6229ZB, 43, 20, 9
6229ZA, 46, 20, 9
6216VZ, 49, 22, 3
6216VV, 55, 23, 4
6216VX, 53, 24, 2
6216VW, 53, 22, 4
6216VR, 55, 24, 3
6216VT, 57, 27, 3
6216VS, 52, 25, 3
6212NJ, 29, 0, 25
6216VN, 61, 27, 3
6216VM, 60, 27, 3
6212NL, 55, 7, 29
6216VP, 54, 23, 3
6212NK, 32, 2, 33
6216VJ, 54, 25, 3
6212NE, 60, 8, 44
6212NH, 218, 22, 82
6216VL, 58, 27, 4
6216VK, 54, 24, 3
6212NA, 42, 2, 27
6216VH, 55, 23, 5
6212NC, 73, 12, 44
6216VG, 60, 34, 6
6216VB, 56, 27, 4
6216VA, 55, 25, 3
6216VD, 55, 25, 3
6216VC, 59, 35, 6
6229XV, 66, 19, 19
6229XX, 46, 19, 14
6229XW, 47, 19, 16
6221HJ, 445, 356, 89
6229XR, 51, 19, 17
6229XT, 43, 19, 13
6229XS, 46, 19, 16
6229XN, 45, 19, 16
6221HE, 442, 309, 90
6229XM, 46, 19, 16
6221HH, 445, 357, 89
6229XP, 46, 19, 15
6221HG, 466, 404, 94
6221HB, 468, 392, 97
6229XJ, 50, 19, 17
6221HA, 468, 392, 97
6221HD, 505, 462, 99
6229XL, 47, 19, 16
6221HC, 459, 343, 93
6229XK, 68, 19, 18
6229XE, 51, 19, 16
6229XH, 47, 19, 16
6229XG, 64, 19, 18
6229XB, 45, 19, 14
6229XA, 45, 19, 14
6229XD, 48, 19, 15
6229XC, 46, 19, 14
6229WX, 43, 20, 9
6229WZ, 51, 20, 9
6216TS, 59, 27, 4
6229WT, 50, 20, 12
6229WV, 49, 20, 12
6216TP, 60, 27, 4
6221GH, 474, 327, 100
6229WP, 47, 19, 14
6216TR, 55, 25, 4
6221GK, 413, 229, 87
6229WS, 44, 19, 12
6221GJ, 498, 477, 101
6229WR, 48, 19, 15
6216TL, 58, 28, 4
6221GE, 477, 420, 98
6216TK, 59, 28, 4
6221GD, 495, 475, 98
6229WL, 71, 20, 15
6216TN, 59, 28, 4
6221GG, 483, 386, 101
6216TM, 59, 28, 4
6229WN, 81, 20, 15
6216TH, 60, 28, 4
6221GA, 675, 527, 153
6216TG, 59, 29, 5
6229WH, 74, 20, 15
6216TJ, 58, 28, 4
6229WK, 78, 20, 13
6221GB, 677, 527, 149
6229WJ, 62, 20, 13
6216TD, 60, 28, 4
6229WE, 55, 20, 13
6216TC, 59, 28, 4
6229WD, 55, 20, 10
6229WG, 78, 20, 15
6216TE, 61, 28, 4
6216TB, 61, 28, 4
6229WC, 75, 20, 10
6216TA, 63, 28, 4
6229WB, 70, 20, 12
6216SZ, 61, 28, 4
6216SW, 61, 31, 4
6229VX, 90, 19, 23
6216SV, 64, 34, 5
6229VW, 110, 18, 23
6229VZ, 76, 19, 17
6216SX, 62, 29, 5
6229VT, 103, 19, 25
6216SR, 61, 30, 4
6229VS, 114, 18, 21
6229VV, 89, 19, 21
6216ST, 61, 30, 4
6221VX, 577, 517, 125
6221VW, 473, 386, 99
6221VZ, 575, 517, 125
6221VT, 445, 301, 93
6221VS, 443, 259, 95
6221VV, 463, 315, 97
6221VP, 405, 183, 86
6221VR, 439, 272, 92
6221VK, 429, 246, 88
6221VN, 427, 232, 92
6221VM, 395, 151, 83
6221VH, 401, 189, 86
6221VG, 393, 156, 84
6221VJ, 402, 181, 85
6221VD, 354, 97, 72
6221VC, 384, 142, 84
6221VE, 426, 249, 88
6221VB, 407, 226, 88
6221VA, 452, 430, 89
6217CZ, 47, 52, 7
6217CV, 42, 52, 7
6217CX, 42, 52, 5
6217CW, 46, 52, 9
6217CR, 50, 52, 7
6217CT, 43, 50, 6
6217CS, 48, 52, 8
6217CP, 47, 51, 6
6217CE, 51, 44, 6
6217CG, 63, 46, 6
6217CB, 55, 45, 6
6221TZ, 242, 78, 38
6217CA, 58, 45, 6
6217CD, 54, 43, 6
6217CC, 54, 43, 7
6221TV, 364, 125, 76
6221TX, 311, 113, 50
6221TW, 337, 94, 67
6221TR, 373, 129, 80
6217BX, 57, 43, 7
6221TT, 375, 136, 82
6221TS, 416, 235, 87
6221TN, 341, 90, 68
6217BT, 43, 43, 6
6221TM, 339, 90, 68
6217BW, 58, 43, 7
6221TP, 336, 90, 68
6217BV, 56, 43, 7
6221TJ, 308, 99, 56
6217BP, 45, 43, 6
6217BS, 46, 43, 6
6217BR, 44, 43, 6
6221TK, 323, 98, 60
6217BM, 43, 43, 6
6217BL, 40, 42, 6
6221TE, 289, 92, 48
6221TH, 301, 102, 51
6217BN, 43, 43, 6
6221TG, 281, 95, 45
6221TB, 251, 78, 39
6217BH, 49, 43, 6
6221TA, 423, 224, 93
6217BK, 43, 42, 6
6221TD, 276, 76, 45
6217BJ, 49, 43, 7
6221TC, 258, 84, 40
6217BE, 47, 42, 6
6217BD, 44, 42, 6
6217BG, 48, 43, 6
6217BA, 42, 42, 6
6221SX, 345, 85, 68
6217BC, 49, 43, 7
6217BB, 44, 43, 6
6221SZ, 295, 79, 54
6212XX, 483, 396, 118
6212XW, 505, 426, 122
6221ST, 387, 127, 83
6212XZ, 473, 355, 117
6221SW, 324, 82, 61
6212XS, 260, 24, 81
6217AW, 46, 42, 6
6221SP, 399, 168, 90
6212XV, 223, 19, 74
6221SR, 383, 119, 83
6217AT, 54, 43, 7
6217AS, 56, 43, 7
6212XR, 400, 286, 107
6217AV, 49, 43, 6
6217AP, 48, 43, 6
6212XK, 101, 12, 46
6212XN, 557, 477, 125
6217AR, 48, 43, 6
6221SK, 311, 79, 59
6221SJ, 242, 78, 38
6212XH, 311, 103, 108
6217AL, 48, 42, 5
6212XG, 50, 2, 34
6217AK, 46, 42, 6
6212XJ, 220, 27, 74
6217AN, 48, 43, 6
6221SG, 422, 221, 93
6217AM, 48, 43, 6
6212XD, 82, 12, 41
6217AH, 36, 38, 6
6212XC, 98, 12, 47
6217AG, 48, 43, 5
6217AJ, 47, 42, 6
6212XE, 61, 10, 35
6217AD, 56, 43, 6
6217AC, 48, 43, 5
6212XB, 181, 19, 64
6212XA, 292, 79, 106
6217AE, 51, 43, 6
6217AB, 55, 43, 7
6225XZ, 64, 18, 12
6225XX, 56, 21, 9
6225XP, 56, 21, 9
6212CC, 421, 346, 113
6212CB, 381, 277, 113
6212CE, 241, 20, 83
6212CD, 327, 157, 100
6212CA, 364, 247, 112
6212BV, 436, 362, 122
6225EW, 8, 4, 0
6225EV, 8, 4, 0
6212BX, 356, 219, 116
6212BW, 335, 186, 112
6212BR, 418, 338, 121
6225ES, 8, 4, 0
6225ER, 8, 4, 0
6212BT, 389, 268, 120
6212BS, 391, 284, 120
6225ET, 8, 4, 0
6212BN, 406, 311, 119
6212BM, 436, 392, 121
6212BP, 459, 427, 121
6225EP, 12, 4, 0
6212BJ, 450, 427, 121
6225EK, 12, 4, 0
6225EJ, 9, 4, 1
6212BL, 451, 384, 123
6225EM, 21, 7, 3
6212BK, 447, 422, 122
6225EL, 15, 4, 0
6225EG, 18, 5, 0
6212BE, 523, 464, 124
6212BH, 532, 477, 119
6212BG, 492, 455, 119
6225EH, 12, 4, 0
6212BB, 484, 449, 123
6225EC, 13, 4, 0
6212BA, 518, 469, 121
6225EB, 18, 5, 0
6212BD, 528, 479, 120
6225EE, 20, 7, 2
6212BC, 535, 488, 124
6225ED, 9, 4, 0
6225EA, 21, 7, 3
6212AT, 532, 477, 123
6212AW, 488, 447, 124
6212AV, 456, 373, 115
6225DR, 30, 9, 8
6212AP, 571, 496, 133
6212AS, 482, 418, 118
6212AR, 561, 496, 131
6212AM, 605, 505, 137
6225DN, 26, 8, 5
6212AL, 60, 7, 36
6212AN, 551, 477, 127
6212AH, 156, 16, 60
6212AK, 67, 9, 44
6225DL, 26, 8, 5
6212AJ, 84, 12, 47
6225DK, 27, 8, 6
6212AE, 365, 234, 108
6212AD, 553, 482, 130
6225DE, 28, 13, 6
6212AG, 259, 23, 82
6225DH, 28, 8, 6
6225DG, 27, 8, 6
6212AA, 601, 506, 138
6225DB, 27, 8, 6
6225DA, 26, 8, 6
6212AC, 589, 502, 132
6225DD, 27, 8, 6
6212AB, 561, 499, 125
6225DC, 27, 8, 6
6225CP, 19, 5, 1
6225CM, 10, 4, 0
6225CN, 17, 4, 0
6225CH, 9, 4, 0
6225CJ, 17, 4, 0
6225CE, 13, 4, 0
6225CD, 17, 4, 1
6225CG, 12, 4, 0
6225CA, 16, 4, 1
6225CC, 17, 4, 1
6225CB, 16, 4, 0
6225BW, 20, 4, 2
6225BS, 20, 5, 3
6225BV, 18, 4, 1
6225BP, 20, 4, 2
6225BR, 20, 5, 2
6225BL, 22, 4, 3
6225BK, 23, 6, 4
6225BN, 23, 5, 4
6225BM, 23, 7, 4
6225BH, 23, 7, 4
6225BG, 23, 7, 4
6225BJ, 23, 7, 4
6225BD, 23, 7, 4
6225BC, 13, 4, 0
6225BE, 19, 5, 2
6225BB, 20, 5, 2
6225BA, 23, 7, 4
6225AZ, 20, 6, 3
6225AW, 11, 4, 0
6225AV, 15, 4, 1
6225AX, 23, 7, 4
6225AS, 25, 7, 4
6225AR, 25, 7, 6
6225AT, 23, 5, 4
6225AN, 20, 8, 1
6225AP, 18, 6, 0
6225AK, 26, 8, 5
6225AJ, 26, 8, 6
6225AM, 18, 6, 0
6225AL, 20, 7, 1
6225AG, 27, 8, 6
6225AH, 25, 7, 5
6225AC, 27, 8, 6
6225AB, 30, 13, 6
6225AE, 28, 8, 6
6225AD, 29, 8, 8
6225AA, 29, 8, 6
6229HZ, 156, 21, 25
6229HV, 139, 16, 20
6216ET, 98, 42, 11
6216EV, 99, 42, 12
6229HW, 157, 20, 28
6229HR, 149, 18, 26
6216EP, 76, 40, 8
6216ES, 116, 42, 15
6229HT, 145, 19, 28
6216ER, 112, 42, 13
6229HS, 142, 19, 25
6216EM, 85, 41, 9
6229HN, 147, 16, 23
6229HM, 141, 17, 24
6229HP, 148, 16, 23
6216EN, 95, 42, 12
6229HJ, 137, 16, 22
6229HL, 139, 16, 22
6229HK, 141, 16, 22
6216ED, 62, 32, 5
6229HE, 131, 15, 23
6216EG, 132, 51, 18
6229HH, 137, 15, 23
6216EA, 88, 40, 9
6229HB, 134, 16, 21
6216EC, 64, 33, 5
6229HD, 130, 16, 19
6229HC, 142, 19, 28
6229GX, 180, 22, 25
6229GP, 162, 21, 24
6229GM, 150, 20, 22
6229GL, 147, 24, 23
6229GN, 160, 23, 25
6229GH, 163, 22, 24
6229GE, 189, 25, 26
6229GD, 188, 25, 26
6229GG, 152, 23, 24
6229GC, 181, 23, 26
6229GB, 173, 23, 26
6216CV, 78, 40, 7
6216CS, 76, 42, 6
6216CR, 81, 52, 4
6216CT, 78, 40, 7
6216CP, 60, 40, 4
6216CK, 93, 48, 10
6216CJ, 104, 51, 12
6216CL, 84, 41, 7
6216CH, 101, 48, 11
6216CC, 112, 62, 13
6216CB, 118, 68, 15
6216CD, 87, 42, 8
6229VP, 110, 18, 19
6216SN, 61, 30, 4
6229VR, 95, 19, 21
6216SP, 61, 28, 4
6216SK, 64, 31, 4
6216SJ, 62, 31, 4
6229VK, 14, 8, 2
6216SM, 63, 31, 4
6229VN, 91, 20, 16
6216SL, 64, 31, 4
6229VM, 72, 21, 7
6216SG, 66, 29, 4
6225ND, 2, 0, 0
6225NC, 15, 5, 0
6229VJ, 18, 8, 2
6216SH, 65, 29, 4
6216SC, 68, 34, 5
6216SB, 61, 29, 4
6221EZ, 668, 531, 149
6229VC, 71, 19, 17
6216SE, 67, 34, 5
6225NB, 20, 7, 1
6229VE, 30, 15, 3
6221EW, 672, 527, 146
6221EV, 678, 527, 149
6216RZ, 66, 34, 5
6221ER, 667, 531, 150
6221ET, 667, 533, 148
6216RV, 63, 30, 5
6221EN, 655, 529, 152
6216RX, 77, 44, 6
6216RW, 70, 39, 5
6221EP, 660, 530, 150
6216RR, 91, 43, 9
6221EK, 668, 532, 149
6221EJ, 652, 529, 145
6216RT, 70, 40, 5
6221EM, 646, 530, 149
6216RS, 76, 41, 6
6221EL, 678, 530, 151
6216RN, 95, 42, 10
6221EG, 665, 533, 148
6216RM, 88, 41, 9
6216RP, 95, 44, 10
6221EH, 676, 531, 148
6216RJ, 72, 39, 5
6221EC, 651, 527, 138
6221EB, 663, 533, 147
6216RL, 84, 40, 8
6221EE, 650, 529, 144
6216RK, 74, 39, 6
6221ED, 662, 530, 148
6216RE, 72, 41, 5
6216RH, 67, 35, 5
6221EA, 650, 527, 139
6216RG, 74, 40, 6
6216RB, 68, 39, 5
6216RA, 72, 40, 5
6216RD, 77, 40, 5
6216RC, 72, 40, 5
6229TV, 121, 17, 19
6229TX, 114, 17, 18
6229TW, 119, 17, 19
6229TR, 121, 18, 20
6229TT, 107, 19, 20
6229TS, 110, 18, 20
6229TN, 110, 18, 19
6229TM, 111, 20, 19
6229TP, 109, 18, 19
6221DB, 638, 521, 136
6229TJ, 110, 20, 18
6229TL, 114, 20, 19
6229TK, 112, 20, 18
6229TE, 103, 20, 18
6229TH, 114, 20, 18
6229TG, 114, 20, 18
6229TB, 112, 18, 19
6221CX, 668, 531, 147
6229TA, 108, 18, 19
6229TD, 115, 19, 19
6221CZ, 654, 529, 141
6221CT, 650, 527, 140
6221CW, 657, 529, 143
6221CV, 664, 529, 148
6216PX, 78, 42, 6
6216PW, 79, 43, 6
6221CP, 666, 528, 146
6216PZ, 77, 41, 6
6221CS, 663, 529, 146
6221CR, 644, 526, 140
6216PT, 87, 44, 6
6221CM, 646, 523, 139
6216PS, 70, 33, 5
6221CL, 577, 503, 122
6216PV, 82, 44, 6
6221CN, 646, 526, 140
6216PP, 68, 39, 5
6225KM, 24, 8, 2
6221CH, 646, 526, 138
6225KL, 27, 8, 2
6216PR, 60, 30, 5
6221CK, 643, 527, 138
6221CJ, 644, 527, 138
6225KN, 23, 8, 1
6212HH, 166, 25, 55
6216PL, 73, 38, 5
6221CE, 602, 514, 136
6216PK, 68, 36, 5
6221CD, 605, 517, 135
6225KH, 24, 8, 1
6216PN, 65, 33, 5
6221CG, 596, 511, 128
6225KK, 24, 8, 1
6216PM, 70, 33, 5
6225KJ, 24, 8, 1
6212HD, 166, 23, 55
6216PH, 65, 31, 5
6221CA, 596, 515, 130
6225KE, 22, 8, 1
6212HC, 255, 53, 85
6216PG, 63, 31, 5
6225KD, 20, 7, 1
6216PJ, 68, 32, 5
6221CC, 588, 512, 127
6225KG, 24, 8, 1
6221CB, 618, 516, 137
6216PD, 59, 30, 5
6216PC, 59, 28, 4
6212HB, 250, 48, 85
6225KC, 22, 8, 1
6229SG, 16, 9, 2
6212HA, 274, 57, 90
6216PE, 65, 31, 5
6225KB, 21, 8, 1
6221BX, 601, 515, 136
6221BW, 657, 530, 142
6221BZ, 657, 530, 139
6229SC, 8, 6, 1
6229SB, 9, 6, 1
6212GW, 343, 112, 105
6212GV, 305, 78, 104
6221BS, 551, 506, 112
6225JW, 23, 8, 4
6221BV, 585, 515, 128
6212GX, 293, 58, 96
6212GS, 395, 337, 115
6221BP, 584, 515, 126
6225JT, 25, 8, 5
6212GR, 368, 237, 111
6225JS, 23, 8, 4
6221BR, 635, 523, 136
6212GT, 350, 146, 107
6221BL, 638, 523, 137
6212GN, 351, 154, 108
6221BK, 633, 526, 137
6221BN, 636, 521, 138
6212GP, 361, 201, 109
6221BM, 580, 515, 125
6212GK, 235, 33, 82
6221BH, 624, 515, 138
6225JL, 26, 8, 5
6212GJ, 355, 171, 110
6221BG, 629, 522, 137
6225JK, 27, 8, 6
6212GM, 359, 199, 110
6221BJ, 625, 515, 134
6225JN, 24, 8, 4
6212GL, 373, 269, 113
6225JM, 26, 8, 6
6212GG, 334, 136, 109
6221BD, 574, 516, 118
6221BC, 550, 514, 115
6212GH, 224, 28, 76
6221BE, 627, 526, 141
6212GC, 414, 391, 117
6212GB, 384, 284, 119
6212GE, 355, 217, 117
6221BB, 530, 514, 113
6212GD, 403, 352, 118
6221BA, 635, 527, 141
6221AZ, 638, 527, 142
6212GA, 417, 386, 118
6221AW, 644, 527, 140
6221AV, 599, 521, 130
6221AX, 593, 520, 129
6216NZ, 59, 28, 5
6221AS, 592, 525, 130
6221AR, 584, 522, 127
6221AT, 598, 526, 129
6216NV, 58, 28, 4
6221AN, 618, 526, 139
6216NX, 58, 28, 4
6216NW, 57, 28, 4
6221AP, 610, 526, 134
6221AK, 593, 526, 130
6216NT, 58, 28, 5
6221AM, 582, 525, 127
6216NS, 59, 28, 4
6221AL, 565, 524, 125
6221AG, 546, 523, 120
6221AH, 598, 526, 132
6221AC, 644, 527, 140
6221AB, 309, 313, 53
6221AE, 473, 501, 94
6221AD, 628, 526, 142
6212EX, 416, 346, 121
6212EZ, 414, 352, 120
6212ET, 423, 354, 121
6212EW, 372, 251, 119
6212EV, 420, 359, 121
6212EP, 272, 53, 92
6212ES, 255, 23, 90
6212ER, 314, 137, 114
6212EM, 219, 23, 80
6225HN, 11, 4, 0
6212EL, 250, 28, 91
6225HM, 17, 5, 0
6212EN, 330, 175, 118
6225HJ, 17, 5, 0
6212EH, 234, 19, 88
6212EK, 234, 23, 84
6225HL, 8, 4, 0
6212EJ, 263, 37, 95
6225HK, 8, 4, 0
6225HE, 18, 6, 0
6212EG, 213, 21, 79
6225HH, 17, 5, 0
6225HG, 18, 6, 0
6212EA, 199, 17, 72
6212EC, 220, 19, 83
6225HD, 18, 5, 0
6212EB, 207, 18, 75
6225HC, 13, 4, 0
6225GX, 18, 7, 0
6225GZ, 19, 7, 1
6225GT, 18, 5, 0
6225GW, 18, 5, 0
6225GV, 18, 6, 0
6225GP, 18, 5, 0
6225GS, 16, 5, 0
6225GR, 18, 5, 0
6225GM, 18, 5, 0
6225GL, 15, 5, 0
6225GN, 18, 5, 0
6225GH, 13, 4, 0
6225GK, 17, 5, 0
6225GJ, 17, 5, 0
6225GE, 14, 4, 0
6225GD, 13, 4, 0
6225GG, 13, 4, 0
6225GA, 9, 4, 0
6225GC, 13, 4, 0
6225GB, 8, 4, 0
6212CZ, 187, 15, 70
6212CW, 288, 47, 90
6212CV, 199, 16, 78
6212CX, 300, 58, 95
6212CS, 394, 308, 120
6212CR, 277, 30, 84
6212CT, 271, 21, 85
6212CN, 409, 329, 122
6212CP, 334, 175, 110
6212CK, 369, 258, 110
6212CJ, 179, 15, 72
6212CM, 326, 128, 100
6212CL, 316, 102, 98
6212CG, 419, 352, 114
6212CH, 271, 24, 83
6224TR, 135, 56, 27
6224TN, 118, 43, 26
6224TP, 123, 37, 27
6224TK, 135, 47, 29
6224TL, 133, 50, 29
6224TG, 143, 61, 31
6224TH, 140, 55, 30
6224TB, 123, 47, 26
6224TE, 158, 66, 32
6224TD, 139, 54, 31
6224TA, 126, 44, 27
6211PX, 609, 515, 136
6211PZ, 603, 513, 135
6215XX, 51, 10, 5
6211PW, 608, 519, 138
6211PP, 532, 497, 124
6215XT, 42, 9, 2
6211PS, 537, 494, 128
6215XW, 49, 10, 5
6211PR, 514, 492, 107
6215XV, 49, 9, 5
6211PM, 548, 505, 128
6211PL, 537, 506, 123
6215XP, 46, 9, 4
6215XS, 42, 9, 3
6211PN, 538, 501, 128
6215XR, 43, 9, 3
6215XM, 46, 9, 4
6211PH, 588, 511, 136
6215XL, 47, 9, 4
6211PK, 613, 519, 138
6211PJ, 538, 491, 121
6215XN, 43, 9, 3
6211PE, 644, 522, 142
6211PD, 544, 490, 122
6215XH, 47, 9, 4
6211PG, 613, 516, 139
6215XK, 45, 9, 4
6215XJ, 49, 9, 5
6211PA, 654, 522, 142
6215XD, 48, 9, 5
6211PC, 612, 517, 139
6215XG, 49, 9, 5
6211PB, 632, 520, 142
6215XA, 47, 9, 4
6215XC, 49, 12, 5
6215XB, 49, 9, 5
6211NZ, 642, 521, 143
6211NW, 630, 518, 140
6211NV, 570, 491, 124
6215VZ, 44, 9, 2
6211NX, 652, 521, 144
6211NS, 594, 507, 125
6215VW, 43, 9, 2
6211NR, 568, 489, 125
6215VV, 43, 9, 2
6211NT, 551, 489, 122
6215VX, 43, 9, 2
6215VS, 42, 9, 2
6211NN, 532, 488, 121
6215VR, 42, 9, 2
6211NP, 547, 491, 121
6215VT, 42, 9, 2
6211NK, 548, 492, 123
6211NJ, 632, 514, 136
6215VN, 42, 9, 2
6211NM, 554, 491, 122
6211NL, 544, 488, 121
6215VP, 42, 9, 2
6211NG, 510, 490, 109
6215VK, 42, 9, 2
6215VJ, 43, 9, 2
6215VM, 42, 9, 2
6211NH, 589, 513, 126
6215VL, 41, 9, 2
6211NC, 515, 488, 118
6215VG, 41, 9, 2
6211NB, 548, 490, 124
6211NE, 543, 493, 121
6211ND, 530, 491, 119
6215VH, 43, 9, 2
6211NA, 570, 504, 126
6215VE, 44, 9, 2
6211MZ, 607, 509, 134
6211MV, 608, 505, 128
6228XZ, 34, 13, 3
6211MX, 630, 513, 130
6228XV, 28, 3, 3
6228XX, 75, 16, 7
6211MB, 686, 527, 152
6211MA, 684, 528, 153
6211MC, 673, 522, 153
6211LX, 598, 503, 132
6211LZ, 654, 522, 137
6211LT, 564, 493, 128
6215TX, 43, 9, 2
6211LW, 546, 472, 126
6211LV, 561, 487, 127
6215TZ, 42, 9, 2
6211LP, 627, 519, 136
6215TT, 49, 11, 5
6211LS, 638, 517, 132
6215TW, 49, 11, 5
6211LR, 611, 511, 133
6215TV, 42, 9, 2
6211LM, 647, 523, 137
6211LL, 664, 524, 148
6215TP, 47, 15, 4
6215TS, 55, 26, 4
6211LN, 662, 522, 142
6215TR, 52, 26, 4
6215TM, 47, 17, 4
6211LH, 678, 525, 147
6215TL, 47, 13, 4
6211LK, 667, 523, 143
6211LJ, 675, 523, 152
6215TN, 48, 10, 4
6211LE, 662, 525, 150
6211LD, 674, 525, 152
6215TH, 45, 11, 4
6211LG, 673, 524, 150
6215TK, 47, 21, 4
6215TJ, 47, 17, 4
6211LA, 684, 530, 153
6215TE, 45, 9, 2
6215TD, 44, 9, 2
6211LC, 675, 533, 151
6215TG, 44, 11, 2
6211LB, 683, 530, 153
6215TA, 43, 9, 2
6215TC, 43, 9, 2
6215TB, 44, 9, 2
6211KX, 687, 531, 154
6211KW, 687, 530, 152
6211KZ, 644, 520, 137
6215SX, 43, 10, 2
6211KS, 681, 522, 150
6211KV, 690, 530, 152
6215SZ, 44, 9, 2
6211KP, 689, 528, 152
6215ST, 43, 9, 2
6211KR, 692, 530, 151
6215SV, 42, 9, 2
6211KL, 654, 522, 140
6215SP, 43, 9, 2
6211KK, 629, 518, 134
6211KN, 662, 522, 143
6215SR, 43, 9, 2
6211KH, 633, 521, 141
6215SL, 43, 9, 2
6211KG, 648, 521, 139
6211KJ, 642, 522, 139
6215SN, 44, 9, 2
6215SM, 44, 9, 2
6215SH, 32, 6, 2
6211KC, 600, 510, 136
6215SG, 32, 6, 2
6215SJ, 32, 6, 2
6215SC, 40, 9, 2
6211KB, 614, 515, 141
6211KA, 646, 522, 146
6215SE, 36, 6, 2
6211JZ, 637, 519, 147
6211JW, 598, 525, 131
6211JV, 642, 513, 145
6215RZ, 34, 6, 2
6211JX, 631, 517, 144
6211JS, 669, 521, 151
6215RW, 37, 7, 2
6211JR, 675, 525, 147
6215RV, 40, 9, 2
6215RX, 40, 9, 2
6215RS, 40, 9, 2
6211JN, 687, 529, 151
6215RR, 35, 6, 2
6211JP, 678, 529, 148
6215RT, 41, 9, 2
6211JK, 666, 523, 142
6211JJ, 676, 524, 151
6215RN, 39, 7, 2
6211JM, 686, 530, 150
6211JL, 686, 531, 156
6215RP, 40, 9, 2
6211JG, 690, 530, 152
6215RK, 39, 8, 2
6215RJ, 40, 9, 2
6215RM, 40, 9, 2
6211JH, 663, 523, 143
6215RL, 36, 7, 2
6211JC, 692, 530, 152
6215RG, 41, 9, 2
6211JB, 693, 529, 153
6211JD, 693, 530, 154
6215RH, 40, 9, 2
6215RB, 39, 8, 2
6211JA, 693, 529, 153
6215RE, 40, 9, 2
6215RA, 39, 8, 2
6224LW, 402, 290, 85
6224LX, 379, 226, 79
6224LS, 252, 89, 43
6224LR, 296, 119, 44
6224LN, 307, 115, 45
6224LP, 333, 107, 64
6216CA, 120, 70, 15
6216BZ, 106, 43, 12
6216BV, 85, 55, 5
6216BX, 120, 52, 15
6216BW, 70, 44, 3
6216BR, 114, 63, 13
6216BT, 89, 57, 5
6216BS, 102, 60, 10
6216BN, 58, 26, 3
6216BM, 57, 25, 4
6216BJ, 58, 31, 5
6216BL, 59, 36, 4
6229EM, 177, 64, 26
6216BK, 63, 35, 4
6229EG, 193, 28, 29
6216BE, 54, 23, 6
6216BH, 59, 30, 5
6216BG, 49, 23, 6
6216BB, 64, 43, 4
6229EC, 155, 24, 24
6216BA, 61, 41, 5
6229EB, 156, 24, 23
6216BD, 57, 25, 7
6216BC, 58, 26, 7
6229ED, 166, 24, 26
6211XX, 534, 511, 123
6229EA, 153, 24, 24
6211XZ, 476, 506, 98
6216AX, 65, 40, 6
6216AZ, 60, 40, 6
6211XP, 581, 513, 131
6216AT, 63, 34, 6
6211XS, 582, 513, 130
6216AW, 62, 41, 6
6211XR, 583, 513, 131
6216AV, 62, 40, 6
6211XL, 576, 516, 133
6216AP, 56, 31, 5
6216AS, 59, 33, 5
6211XN, 580, 513, 131
6216AR, 60, 34, 5
6216AM, 51, 26, 5
6211XH, 623, 521, 137
6216AL, 59, 26, 6
6211XK, 635, 528, 144
6211XJ, 619, 522, 138
6216AN, 57, 35, 5
6211XE, 601, 517, 133
6211XD, 606, 518, 133
6216AH, 56, 38, 6
6211XG, 605, 520, 134
6216AK, 52, 29, 6
6216AJ, 52, 31, 6
6211XA, 602, 527, 135
6216AE, 68, 45, 6
6216AD, 56, 35, 6
6211XC, 582, 517, 133
6216AG, 62, 43, 6
6211XB, 610, 527, 136
6216AC, 63, 40, 5
6216AB, 65, 42, 6
6211WH, 524, 513, 117
6211WD, 570, 516, 133
6211WC, 558, 516, 128
6211WE, 548, 515, 125
6211WB, 527, 511, 117
6229BK, 68, 19, 19
6229BN, 132, 17, 26
6229BM, 105, 17, 28
6229BH, 70, 19, 19
6229BG, 73, 19, 19
6229BJ, 70, 19, 19
6229BD, 81, 19, 19
6229BC, 78, 19, 19
6229BE, 77, 19, 19
6224XZ, 178, 81, 39
6229BB, 109, 18, 23
6229BA, 107, 18, 23
6224XW, 138, 47, 33
6224XV, 145, 49, 33
6229AZ, 110, 17, 29
6224XX, 156, 65, 37
6224XS, 116, 37, 30
6229AW, 113, 18, 25
6229AV, 126, 16, 25
6229AX, 110, 17, 29
6229AS, 109, 17, 27
6224XN, 90, 32, 27
6229AR, 94, 19, 25
6229AT, 86, 19, 23
6224XK, 115, 45, 32
6224XJ, 143, 54, 34
6224XM, 106, 35, 23
6229AP, 109, 18, 27
6224XG, 152, 60, 36
6229AK, 84, 19, 25
6229AJ, 96, 18, 26
6224XH, 127, 45, 32
6229AL, 85, 19, 25
6229AG, 99, 18, 26
6224XB, 120, 49, 24
6224XE, 160, 80, 28
6224XD, 136, 62, 28
6229AH, 92, 18, 26
6229AB, 15, 7, 6
6229AE, 83, 19, 28
6229AD, 103, 17, 33
6211TE, 668, 523, 146
6211TD, 658, 522, 144
6211TG, 669, 524, 146
6211TA, 668, 536, 151
6211TC, 657, 525, 147
6211TB, 658, 529, 149
6211SX, 653, 529, 149
6211SW, 665, 533, 150
6224VX, 156, 78, 27
6211SZ, 652, 525, 145
6211ST, 661, 527, 149
6224VT, 142, 65, 27
6211SV, 657, 524, 146
6224VW, 153, 76, 27
6224VV, 138, 61, 27
6211SP, 636, 523, 143
6224VP, 109, 38, 22
6211SR, 664, 531, 151
6224VS, 131, 52, 27
6224VR, 127, 49, 25
6211SL, 638, 525, 146
6224VM, 110, 38, 23
6211SK, 653, 530, 147
6224VL, 119, 46, 25
6211SN, 655, 528, 148
6211SM, 635, 523, 143
6224VN, 122, 49, 25
6211SH, 637, 524, 143
6211SG, 660, 531, 148
6224VH, 129, 52, 26
6211SJ, 658, 529, 148
6224VK, 126, 51, 25
6224VE, 121, 48, 27
6211SC, 616, 523, 142
6224VD, 122, 47, 25
6224VG, 123, 49, 25
6211SE, 635, 525, 143
6211SB, 626, 524, 143
6224VC, 116, 45, 26
6224VB, 116, 45, 25
6211RZ, 605, 521, 140
6211RW, 557, 516, 129
6211RV, 648, 527, 147
6211RX, 559, 510, 129
6211RS, 613, 521, 134
6211RR, 563, 510, 130
6211RT, 630, 524, 140
6211RN, 573, 512, 132
6211RP, 638, 524, 141
6211RK, 607, 517, 136
6211RJ, 535, 492, 120
6211RM, 583, 516, 133
6211RL, 605, 517, 132
6211RG, 544, 499, 130
6211RH, 535, 494, 132
6211RC, 541, 494, 132
6211RB, 557, 512, 130
6211RE, 556, 515, 129
6211RD, 567, 511, 129
6211RA, 571, 512, 129
6224TZ, 116, 38, 26
6224TW, 107, 35, 20
6224TV, 99, 33, 18
6224TX, 112, 36, 23
